year,total_mcap,total_growth_rate,usd_mcap,usd_share,usd_growth_rate,non_usd_mcap,non_usd_share,non_usd_growth_rate
2026,44.16555971864141,,37.5407257608452,85.0,,6.624833957796213,15.000000000000002,
2027,115.94501085392966,162.52358532884517,94.20532131881785,81.25,150.94166244669026,8.115421598300362,6.999371114402125,22.500000000000018
2028,16837.396046207545,14421.880607195513,13048.981935810845,77.49999999999999,13751.639963786489,9.738505917960433,0.05783855111107833,19.999999999999986
2029,3700.876560368654,-78.01989957228429,2729.396463271882,73.75,-79.08345281878665,11.44274445360351,0.30919011393516105,17.50000000000001
2030,7939.604639254628,114.53308452048839,5557.7232474782395,70.0,103.62462259571781,13.159156121644035,0.1657406976738255,14.999999999999988
